brand,brand_display,executive_theme,month,positive_comments,negative_comments,mixed_neutral_comments,unique_comments,positive_share,negative_share,mixed_neutral_share,theme_comment_balance,monthly_sample_band,evidence_display,primary_theme,theme_order,brand_order,month_order
AMEX,Amex,General Lounge Experience,2026-01,20,20,0,40,0.5,0.5,0.0,0.0,HIGH,NORMAL,True,1,1,1
AMEX,Amex,General Lounge Experience,2026-02,11,26,10,47,0.23404255319148937,0.5531914893617021,0.2127659574468085,-0.3191489361702128,HIGH,NORMAL,True,1,1,2
AMEX,Amex,General Lounge Experience,2026-03,7,7,1,15,0.4666666666666667,0.4666666666666667,0.06666666666666667,0.0,MEDIUM,NORMAL,True,1,1,3
AMEX,Amex,General Lounge Experience,2026-04,9,24,3,36,0.25,0.6666666666666666,0.08333333333333333,-0.4166666666666667,HIGH,NORMAL,True,1,1,4
AMEX,Amex,General Lounge Experience,2026-05,8,9,2,19,0.42105263157894735,0.47368421052631576,0.10526315789473684,-0.05263157894736842,MEDIUM,NORMAL,True,1,1,5
AMEX,Amex,General Lounge Experience,2026-06,24,23,5,52,0.46153846153846156,0.4423076923076923,0.09615384615384616,0.019230769230769232,HIGH,NORMAL,True,1,1,6
AMEX,Amex,General Lounge Experience,2026-07,16,20,3,39,0.41025641025641024,0.5128205128205128,0.07692307692307693,-0.10256410256410256,HIGH,NORMAL,True,1,1,7
AMEX,Amex,General Lounge Experience,2026-08,4,25,6,35,0.11428571428571428,0.7142857142857143,0.17142857142857143,-0.6,HIGH,NORMAL,True,1,1,8
CHASE,Chase,General Lounge Experience,2026-01,21,4,2,27,0.7777777777777778,0.14814814814814814,0.07407407407407407,0.6296296296296297,MEDIUM,NORMAL,True,1,2,1
CHASE,Chase,General Lounge Experience,2026-02,7,7,1,15,0.4666666666666667,0.4666666666666667,0.06666666666666667,0.0,MEDIUM,NORMAL,True,1,2,2
CHASE,Chase,General Lounge Experience,2026-03,10,2,2,14,0.7142857142857143,0.14285714285714285,0.14285714285714285,0.5714285714285714,LOW,REDUCED,True,1,2,3
CHASE,Chase,General Lounge Experience,2026-04,24,2,1,27,0.8888888888888888,0.07407407407407407,0.037037037037037035,0.8148148148148148,MEDIUM,NORMAL,True,1,2,4
CHASE,Chase,General Lounge Experience,2026-05,7,3,1,11,0.6363636363636364,0.2727272727272727,0.09090909090909091,0.36363636363636365,LOW,REDUCED,True,1,2,5
CHASE,Chase,General Lounge Experience,2026-06,14,3,2,19,0.7368421052631579,0.15789473684210525,0.10526315789473684,0.5789473684210527,MEDIUM,NORMAL,True,1,2,6
CHASE,Chase,General Lounge Experience,2026-07,30,8,5,43,0.6976744186046512,0.18604651162790697,0.11627906976744186,0.5116279069767442,HIGH,NORMAL,True,1,2,7
CHASE,Chase,General Lounge Experience,2026-08,14,5,1,20,0.7,0.25,0.05,0.45,MEDIUM,NORMAL,True,1,2,8
CAPITAL_ONE,Capital One,General Lounge Experience,2026-01,10,7,0,17,0.5882352941176471,0.4117647058823529,0.0,0.17647058823529413,MEDIUM,NORMAL,True,1,3,1
CAPITAL_ONE,Capital One,General Lounge Experience,2026-02,10,0,0,10,1.0,0.0,0.0,1.0,LOW,REDUCED,True,1,3,2
CAPITAL_ONE,Capital One,General Lounge Experience,2026-03,7,0,1,8,0.875,0.0,0.125,0.875,LOW,REDUCED,True,1,3,3
CAPITAL_ONE,Capital One,General Lounge Experience,2026-04,10,2,1,13,0.7692307692307693,0.15384615384615385,0.07692307692307693,0.6153846153846154,LOW,REDUCED,True,1,3,4
CAPITAL_ONE,Capital One,General Lounge Experience,2026-05,12,1,1,14,0.8571428571428571,0.07142857142857142,0.07142857142857142,0.7857142857142857,LOW,REDUCED,True,1,3,5
CAPITAL_ONE,Capital One,General Lounge Experience,2026-06,18,1,0,19,0.9473684210526315,0.05263157894736842,0.0,0.8947368421052632,MEDIUM,NORMAL,True,1,3,6
CAPITAL_ONE,Capital One,General Lounge Experience,2026-07,19,2,0,21,0.9047619047619048,0.09523809523809523,0.0,0.8095238095238095,MEDIUM,NORMAL,True,1,3,7
CAPITAL_ONE,Capital One,General Lounge Experience,2026-08,20,3,1,24,0.8333333333333334,0.125,0.041666666666666664,0.7083333333333334,MEDIUM,NORMAL,True,1,3,8
DELTA,Delta,General Lounge Experience,2026-01,18,2,0,20,0.9,0.1,0.0,0.8,MEDIUM,NORMAL,True,1,4,1
DELTA,Delta,General Lounge Experience,2026-02,13,1,1,15,0.8666666666666667,0.06666666666666667,0.06666666666666667,0.8,MEDIUM,NORMAL,True,1,4,2
DELTA,Delta,General Lounge Experience,2026-03,6,1,0,7,0.8571428571428571,0.14285714285714285,0.0,0.7142857142857143,VERY_LOW,STRONGLY_MUTED,True,1,4,3
DELTA,Delta,General Lounge Experience,2026-04,8,1,0,9,0.8888888888888888,0.1111111111111111,0.0,0.7777777777777778,LOW,REDUCED,True,1,4,4
DELTA,Delta,General Lounge Experience,2026-05,10,0,1,11,0.9090909090909091,0.0,0.09090909090909091,0.9090909090909091,LOW,REDUCED,True,1,4,5
DELTA,Delta,General Lounge Experience,2026-06,16,0,2,18,0.8888888888888888,0.0,0.1111111111111111,0.8888888888888888,MEDIUM,NORMAL,True,1,4,6
DELTA,Delta,General Lounge Experience,2026-07,10,1,2,13,0.7692307692307693,0.07692307692307693,0.15384615384615385,0.6923076923076923,LOW,REDUCED,True,1,4,7
DELTA,Delta,General Lounge Experience,2026-08,9,3,0,12,0.75,0.25,0.0,0.5,LOW,REDUCED,True,1,4,8
AMEX,Amex,Access & Capacity,2026-01,5,25,3,33,0.15151515151515152,0.7575757575757576,0.09090909090909091,-0.6060606060606061,HIGH,NORMAL,True,2,1,1
AMEX,Amex,Access & Capacity,2026-02,3,16,6,25,0.12,0.64,0.24,-0.52,MEDIUM,NORMAL,True,2,1,2
AMEX,Amex,Access & Capacity,2026-03,5,7,0,12,0.4166666666666667,0.5833333333333334,0.0,-0.16666666666666666,LOW,REDUCED,True,2,1,3
AMEX,Amex,Access & Capacity,2026-04,7,29,6,42,0.16666666666666666,0.6904761904761905,0.14285714285714285,-0.5238095238095238,HIGH,NORMAL,True,2,1,4
AMEX,Amex,Access & Capacity,2026-05,1,12,5,18,0.05555555555555555,0.6666666666666666,0.2777777777777778,-0.6111111111111112,MEDIUM,NORMAL,True,2,1,5
AMEX,Amex,Access & Capacity,2026-06,12,20,6,38,0.3157894736842105,0.5263157894736842,0.15789473684210525,-0.21052631578947367,HIGH,NORMAL,True,2,1,6
AMEX,Amex,Access & Capacity,2026-07,6,26,9,41,0.14634146341463414,0.6341463414634146,0.21951219512195122,-0.4878048780487805,HIGH,NORMAL,True,2,1,7
AMEX,Amex,Access & Capacity,2026-08,4,18,2,24,0.16666666666666666,0.75,0.08333333333333333,-0.5833333333333334,MEDIUM,NORMAL,True,2,1,8
CHASE,Chase,Access & Capacity,2026-01,4,17,4,25,0.16,0.68,0.16,-0.52,MEDIUM,NORMAL,True,2,2,1
CHASE,Chase,Access & Capacity,2026-02,5,11,1,17,0.29411764705882354,0.6470588235294118,0.058823529411764705,-0.35294117647058826,MEDIUM,NORMAL,True,2,2,2
CHASE,Chase,Access & Capacity,2026-03,1,9,2,12,0.08333333333333333,0.75,0.16666666666666666,-0.6666666666666666,LOW,REDUCED,True,2,2,3
CHASE,Chase,Access & Capacity,2026-04,11,13,3,27,0.4074074074074074,0.48148148148148145,0.1111111111111111,-0.07407407407407407,MEDIUM,NORMAL,True,2,2,4
CHASE,Chase,Access & Capacity,2026-05,2,11,0,13,0.15384615384615385,0.8461538461538461,0.0,-0.6923076923076923,LOW,REDUCED,True,2,2,5
CHASE,Chase,Access & Capacity,2026-06,4,11,2,17,0.23529411764705882,0.6470588235294118,0.11764705882352941,-0.4117647058823529,MEDIUM,NORMAL,True,2,2,6
CHASE,Chase,Access & Capacity,2026-07,6,32,5,43,0.13953488372093023,0.7441860465116279,0.11627906976744186,-0.6046511627906976,HIGH,NORMAL,True,2,2,7
CHASE,Chase,Access & Capacity,2026-08,3,9,2,14,0.21428571428571427,0.6428571428571429,0.14285714285714285,-0.42857142857142855,LOW,REDUCED,True,2,2,8
CAPITAL_ONE,Capital One,Access & Capacity,2026-01,8,2,2,12,0.6666666666666666,0.16666666666666666,0.16666666666666666,0.5,LOW,REDUCED,True,2,3,1
CAPITAL_ONE,Capital One,Access & Capacity,2026-02,2,3,0,5,0.4,0.6,0.0,-0.2,VERY_LOW,STRONGLY_MUTED,True,2,3,2
CAPITAL_ONE,Capital One,Access & Capacity,2026-03,5,3,0,8,0.625,0.375,0.0,0.25,LOW,REDUCED,True,2,3,3
CAPITAL_ONE,Capital One,Access & Capacity,2026-04,6,6,3,15,0.4,0.4,0.2,0.0,MEDIUM,NORMAL,True,2,3,4
CAPITAL_ONE,Capital One,Access & Capacity,2026-05,3,4,1,8,0.375,0.5,0.125,-0.125,LOW,REDUCED,True,2,3,5
CAPITAL_ONE,Capital One,Access & Capacity,2026-06,6,3,1,10,0.6,0.3,0.1,0.3,LOW,REDUCED,True,2,3,6
CAPITAL_ONE,Capital One,Access & Capacity,2026-07,3,1,1,5,0.6,0.2,0.2,0.4,VERY_LOW,STRONGLY_MUTED,True,2,3,7
CAPITAL_ONE,Capital One,Access & Capacity,2026-08,3,3,1,7,0.42857142857142855,0.42857142857142855,0.14285714285714285,0.0,VERY_LOW,STRONGLY_MUTED,True,2,3,8
DELTA,Delta,Access & Capacity,2026-01,4,2,0,6,0.6666666666666666,0.3333333333333333,0.0,0.3333333333333333,VERY_LOW,STRONGLY_MUTED,True,2,4,1
DELTA,Delta,Access & Capacity,2026-02,2,2,1,5,0.4,0.4,0.2,0.0,VERY_LOW,STRONGLY_MUTED,True,2,4,2
DELTA,Delta,Access & Capacity,2026-03,1,3,0,4,0.25,0.75,0.0,-0.5,VERY_LOW,STRONGLY_MUTED,True,2,4,3
DELTA,Delta,Access & Capacity,2026-04,4,1,0,5,0.8,0.2,0.0,0.6,VERY_LOW,STRONGLY_MUTED,True,2,4,4
DELTA,Delta,Access & Capacity,2026-05,2,1,0,3,0.6666666666666666,0.3333333333333333,0.0,0.3333333333333333,VERY_LOW,STRONGLY_MUTED,True,2,4,5
DELTA,Delta,Access & Capacity,2026-06,8,0,4,12,0.6666666666666666,0.0,0.3333333333333333,0.6666666666666666,LOW,REDUCED,True,2,4,6
DELTA,Delta,Access & Capacity,2026-07,0,2,0,2,0.0,1.0,0.0,-1.0,VERY_LOW,STRONGLY_MUTED,True,2,4,7
DELTA,Delta,Access & Capacity,2026-08,1,0,0,1,1.0,0.0,0.0,1.0,VERY_LOW,STRONGLY_MUTED,True,2,4,8
AMEX,Amex,Food & Beverage,2026-01,18,12,4,34,0.5294117647058824,0.35294117647058826,0.11764705882352941,0.17647058823529413,HIGH,NORMAL,True,3,1,1
AMEX,Amex,Food & Beverage,2026-02,11,11,1,23,0.4782608695652174,0.4782608695652174,0.043478260869565216,0.0,MEDIUM,NORMAL,True,3,1,2
AMEX,Amex,Food & Beverage,2026-03,4,2,1,7,0.5714285714285714,0.2857142857142857,0.14285714285714285,0.2857142857142857,VERY_LOW,STRONGLY_MUTED,True,3,1,3
AMEX,Amex,Food & Beverage,2026-04,10,4,9,23,0.43478260869565216,0.17391304347826086,0.391304347826087,0.2608695652173913,MEDIUM,NORMAL,True,3,1,4
AMEX,Amex,Food & Beverage,2026-05,7,4,1,12,0.5833333333333334,0.3333333333333333,0.08333333333333333,0.25,LOW,REDUCED,True,3,1,5
AMEX,Amex,Food & Beverage,2026-06,19,4,1,24,0.7916666666666666,0.16666666666666666,0.041666666666666664,0.625,MEDIUM,NORMAL,True,3,1,6
AMEX,Amex,Food & Beverage,2026-07,7,6,4,17,0.4117647058823529,0.35294117647058826,0.23529411764705882,0.058823529411764705,MEDIUM,NORMAL,True,3,1,7
AMEX,Amex,Food & Beverage,2026-08,4,9,1,14,0.2857142857142857,0.6428571428571429,0.07142857142857142,-0.35714285714285715,LOW,REDUCED,True,3,1,8
CHASE,Chase,Food & Beverage,2026-01,9,6,1,16,0.5625,0.375,0.0625,0.1875,MEDIUM,NORMAL,True,3,2,1
CHASE,Chase,Food & Beverage,2026-02,7,2,0,9,0.7777777777777778,0.2222222222222222,0.0,0.5555555555555556,LOW,REDUCED,True,3,2,2
CHASE,Chase,Food & Beverage,2026-03,8,2,0,10,0.8,0.2,0.0,0.6,LOW,REDUCED,True,3,2,3
CHASE,Chase,Food & Beverage,2026-04,13,4,2,19,0.6842105263157895,0.21052631578947367,0.10526315789473684,0.47368421052631576,MEDIUM,NORMAL,True,3,2,4
CHASE,Chase,Food & Beverage,2026-05,0,3,0,3,0.0,1.0,0.0,-1.0,VERY_LOW,STRONGLY_MUTED,True,3,2,5
CHASE,Chase,Food & Beverage,2026-06,6,3,0,9,0.6666666666666666,0.3333333333333333,0.0,0.3333333333333333,LOW,REDUCED,True,3,2,6
CHASE,Chase,Food & Beverage,2026-07,6,2,2,10,0.6,0.2,0.2,0.4,LOW,REDUCED,True,3,2,7
CHASE,Chase,Food & Beverage,2026-08,4,2,2,8,0.5,0.25,0.25,0.25,LOW,REDUCED,True,3,2,8
CAPITAL_ONE,Capital One,Food & Beverage,2026-01,5,6,2,13,0.38461538461538464,0.46153846153846156,0.15384615384615385,-0.07692307692307693,LOW,REDUCED,True,3,3,1
CAPITAL_ONE,Capital One,Food & Beverage,2026-02,5,1,0,6,0.8333333333333334,0.16666666666666666,0.0,0.6666666666666666,VERY_LOW,STRONGLY_MUTED,True,3,3,2
CAPITAL_ONE,Capital One,Food & Beverage,2026-03,7,1,2,10,0.7,0.1,0.2,0.6,LOW,REDUCED,True,3,3,3
CAPITAL_ONE,Capital One,Food & Beverage,2026-04,3,2,0,5,0.6,0.4,0.0,0.2,VERY_LOW,STRONGLY_MUTED,True,3,3,4
CAPITAL_ONE,Capital One,Food & Beverage,2026-05,4,2,2,8,0.5,0.25,0.25,0.25,LOW,REDUCED,True,3,3,5
CAPITAL_ONE,Capital One,Food & Beverage,2026-06,9,0,2,11,0.8181818181818182,0.0,0.18181818181818182,0.8181818181818182,LOW,REDUCED,True,3,3,6
CAPITAL_ONE,Capital One,Food & Beverage,2026-07,9,1,1,11,0.8181818181818182,0.09090909090909091,0.09090909090909091,0.7272727272727273,LOW,REDUCED,True,3,3,7
CAPITAL_ONE,Capital One,Food & Beverage,2026-08,8,0,1,9,0.8888888888888888,0.0,0.1111111111111111,0.8888888888888888,LOW,REDUCED,True,3,3,8
DELTA,Delta,Food & Beverage,2026-01,8,3,0,11,0.7272727272727273,0.2727272727272727,0.0,0.45454545454545453,LOW,REDUCED,True,3,4,1
DELTA,Delta,Food & Beverage,2026-02,1,0,0,1,1.0,0.0,0.0,1.0,VERY_LOW,STRONGLY_MUTED,True,3,4,2
DELTA,Delta,Food & Beverage,2026-03,0,2,0,2,0.0,1.0,0.0,-1.0,VERY_LOW,STRONGLY_MUTED,True,3,4,3
DELTA,Delta,Food & Beverage,2026-04,5,3,0,8,0.625,0.375,0.0,0.25,LOW,REDUCED,True,3,4,4
DELTA,Delta,Food & Beverage,2026-05,2,0,0,2,1.0,0.0,0.0,1.0,VERY_LOW,STRONGLY_MUTED,True,3,4,5
DELTA,Delta,Food & Beverage,2026-06,6,2,1,9,0.6666666666666666,0.2222222222222222,0.1111111111111111,0.4444444444444444,LOW,REDUCED,True,3,4,6
DELTA,Delta,Food & Beverage,2026-07,2,1,0,3,0.6666666666666666,0.3333333333333333,0.0,0.3333333333333333,VERY_LOW,STRONGLY_MUTED,True,3,4,7
DELTA,Delta,Food & Beverage,2026-08,2,1,0,3,0.6666666666666666,0.3333333333333333,0.0,0.3333333333333333,VERY_LOW,STRONGLY_MUTED,True,3,4,8
AMEX,Amex,Service & Upkeep,2026-01,4,3,1,8,0.5,0.375,0.125,0.125,LOW,REDUCED,False,4,1,1
AMEX,Amex,Service & Upkeep,2026-02,1,7,2,10,0.1,0.7,0.2,-0.6,LOW,REDUCED,False,4,1,2
AMEX,Amex,Service & Upkeep,2026-03,1,1,0,2,0.5,0.5,0.0,0.0,VERY_LOW,STRONGLY_MUTED,False,4,1,3
AMEX,Amex,Service & Upkeep,2026-04,1,5,0,6,0.16666666666666666,0.8333333333333334,0.0,-0.6666666666666666,VERY_LOW,STRONGLY_MUTED,False,4,1,4
AMEX,Amex,Service & Upkeep,2026-05,1,0,0,1,1.0,0.0,0.0,1.0,VERY_LOW,STRONGLY_MUTED,False,4,1,5
AMEX,Amex,Service & Upkeep,2026-06,6,2,0,8,0.75,0.25,0.0,0.5,LOW,REDUCED,False,4,1,6
AMEX,Amex,Service & Upkeep,2026-07,9,2,1,12,0.75,0.16666666666666666,0.08333333333333333,0.5833333333333334,LOW,REDUCED,False,4,1,7
AMEX,Amex,Service & Upkeep,2026-08,2,1,0,3,0.6666666666666666,0.3333333333333333,0.0,0.3333333333333333,VERY_LOW,STRONGLY_MUTED,False,4,1,8
CHASE,Chase,Service & Upkeep,2026-01,3,1,0,4,0.75,0.25,0.0,0.5,VERY_LOW,STRONGLY_MUTED,False,4,2,1
CHASE,Chase,Service & Upkeep,2026-02,2,2,0,4,0.5,0.5,0.0,0.0,VERY_LOW,STRONGLY_MUTED,False,4,2,2
CHASE,Chase,Service & Upkeep,2026-03,3,2,2,7,0.42857142857142855,0.2857142857142857,0.2857142857142857,0.14285714285714285,VERY_LOW,STRONGLY_MUTED,False,4,2,3
CHASE,Chase,Service & Upkeep,2026-04,2,1,0,3,0.6666666666666666,0.3333333333333333,0.0,0.3333333333333333,VERY_LOW,STRONGLY_MUTED,False,4,2,4
CHASE,Chase,Service & Upkeep,2026-05,0,1,1,2,0.0,0.5,0.5,-0.5,VERY_LOW,STRONGLY_MUTED,False,4,2,5
CHASE,Chase,Service & Upkeep,2026-06,3,3,0,6,0.5,0.5,0.0,0.0,VERY_LOW,STRONGLY_MUTED,False,4,2,6
CHASE,Chase,Service & Upkeep,2026-07,2,0,1,3,0.6666666666666666,0.0,0.3333333333333333,0.6666666666666666,VERY_LOW,STRONGLY_MUTED,False,4,2,7
CHASE,Chase,Service & Upkeep,2026-08,2,1,1,4,0.5,0.25,0.25,0.25,VERY_LOW,STRONGLY_MUTED,False,4,2,8
CAPITAL_ONE,Capital One,Service & Upkeep,2026-01,1,0,0,1,1.0,0.0,0.0,1.0,VERY_LOW,STRONGLY_MUTED,False,4,3,1
CAPITAL_ONE,Capital One,Service & Upkeep,2026-02,0,0,1,1,0.0,0.0,1.0,0.0,VERY_LOW,STRONGLY_MUTED,False,4,3,2
CAPITAL_ONE,Capital One,Service & Upkeep,2026-03,4,0,0,4,1.0,0.0,0.0,1.0,VERY_LOW,STRONGLY_MUTED,False,4,3,3
CAPITAL_ONE,Capital One,Service & Upkeep,2026-04,1,3,0,4,0.25,0.75,0.0,-0.5,VERY_LOW,STRONGLY_MUTED,False,4,3,4
CAPITAL_ONE,Capital One,Service & Upkeep,2026-05,2,2,0,4,0.5,0.5,0.0,0.0,VERY_LOW,STRONGLY_MUTED,False,4,3,5
CAPITAL_ONE,Capital One,Service & Upkeep,2026-06,3,0,0,3,1.0,0.0,0.0,1.0,VERY_LOW,STRONGLY_MUTED,False,4,3,6
CAPITAL_ONE,Capital One,Service & Upkeep,2026-07,1,0,0,1,1.0,0.0,0.0,1.0,VERY_LOW,STRONGLY_MUTED,False,4,3,7
CAPITAL_ONE,Capital One,Service & Upkeep,2026-08,4,0,0,4,1.0,0.0,0.0,1.0,VERY_LOW,STRONGLY_MUTED,False,4,3,8
DELTA,Delta,Service & Upkeep,2026-01,0,0,0,0,,,,,EMPTY,EMPTY,False,4,4,1
DELTA,Delta,Service & Upkeep,2026-02,1,0,0,1,1.0,0.0,0.0,1.0,VERY_LOW,STRONGLY_MUTED,False,4,4,2
DELTA,Delta,Service & Upkeep,2026-03,0,0,0,0,,,,,EMPTY,EMPTY,False,4,4,3
DELTA,Delta,Service & Upkeep,2026-04,0,1,0,1,0.0,1.0,0.0,-1.0,VERY_LOW,STRONGLY_MUTED,False,4,4,4
DELTA,Delta,Service & Upkeep,2026-05,2,0,0,2,1.0,0.0,0.0,1.0,VERY_LOW,STRONGLY_MUTED,False,4,4,5
DELTA,Delta,Service & Upkeep,2026-06,1,0,0,1,1.0,0.0,0.0,1.0,VERY_LOW,STRONGLY_MUTED,False,4,4,6
DELTA,Delta,Service & Upkeep,2026-07,2,0,0,2,1.0,0.0,0.0,1.0,VERY_LOW,STRONGLY_MUTED,False,4,4,7
DELTA,Delta,Service & Upkeep,2026-08,2,0,0,2,1.0,0.0,0.0,1.0,VERY_LOW,STRONGLY_MUTED,False,4,4,8
AMEX,Amex,"Space, Amenities & Convenience",2026-01,4,13,3,20,0.2,0.65,0.15,-0.45,MEDIUM,NORMAL,False,5,1,1
AMEX,Amex,"Space, Amenities & Convenience",2026-02,9,15,2,26,0.34615384615384615,0.5769230769230769,0.07692307692307693,-0.23076923076923078,MEDIUM,NORMAL,False,5,1,2
AMEX,Amex,"Space, Amenities & Convenience",2026-03,4,3,1,8,0.5,0.375,0.125,0.125,LOW,REDUCED,False,5,1,3
AMEX,Amex,"Space, Amenities & Convenience",2026-04,6,15,2,23,0.2608695652173913,0.6521739130434783,0.08695652173913043,-0.391304347826087,MEDIUM,NORMAL,False,5,1,4
AMEX,Amex,"Space, Amenities & Convenience",2026-05,0,6,0,6,0.0,1.0,0.0,-1.0,VERY_LOW,STRONGLY_MUTED,False,5,1,5
AMEX,Amex,"Space, Amenities & Convenience",2026-06,16,5,0,21,0.7619047619047619,0.23809523809523808,0.0,0.5238095238095238,MEDIUM,NORMAL,False,5,1,6
AMEX,Amex,"Space, Amenities & Convenience",2026-07,7,9,1,17,0.4117647058823529,0.5294117647058824,0.058823529411764705,-0.11764705882352941,MEDIUM,NORMAL,False,5,1,7
AMEX,Amex,"Space, Amenities & Convenience",2026-08,5,11,2,18,0.2777777777777778,0.6111111111111112,0.1111111111111111,-0.3333333333333333,MEDIUM,NORMAL,False,5,1,8
CHASE,Chase,"Space, Amenities & Convenience",2026-01,4,8,1,13,0.3076923076923077,0.6153846153846154,0.07692307692307693,-0.3076923076923077,LOW,REDUCED,False,5,2,1
CHASE,Chase,"Space, Amenities & Convenience",2026-02,2,7,3,12,0.16666666666666666,0.5833333333333334,0.25,-0.4166666666666667,LOW,REDUCED,False,5,2,2
CHASE,Chase,"Space, Amenities & Convenience",2026-03,2,6,0,8,0.25,0.75,0.0,-0.5,LOW,REDUCED,False,5,2,3
CHASE,Chase,"Space, Amenities & Convenience",2026-04,9,10,2,21,0.42857142857142855,0.47619047619047616,0.09523809523809523,-0.047619047619047616,MEDIUM,NORMAL,False,5,2,4
CHASE,Chase,"Space, Amenities & Convenience",2026-05,1,4,0,5,0.2,0.8,0.0,-0.6,VERY_LOW,STRONGLY_MUTED,False,5,2,5
CHASE,Chase,"Space, Amenities & Convenience",2026-06,3,2,3,8,0.375,0.25,0.375,0.125,LOW,REDUCED,False,5,2,6
CHASE,Chase,"Space, Amenities & Convenience",2026-07,6,9,2,17,0.35294117647058826,0.5294117647058824,0.11764705882352941,-0.17647058823529413,MEDIUM,NORMAL,False,5,2,7
CHASE,Chase,"Space, Amenities & Convenience",2026-08,2,3,1,6,0.3333333333333333,0.5,0.16666666666666666,-0.16666666666666666,VERY_LOW,STRONGLY_MUTED,False,5,2,8
CAPITAL_ONE,Capital One,"Space, Amenities & Convenience",2026-01,8,3,1,12,0.6666666666666666,0.25,0.08333333333333333,0.4166666666666667,LOW,REDUCED,False,5,3,1
CAPITAL_ONE,Capital One,"Space, Amenities & Convenience",2026-02,0,4,0,4,0.0,1.0,0.0,-1.0,VERY_LOW,STRONGLY_MUTED,False,5,3,2
CAPITAL_ONE,Capital One,"Space, Amenities & Convenience",2026-03,2,1,1,4,0.5,0.25,0.25,0.25,VERY_LOW,STRONGLY_MUTED,False,5,3,3
CAPITAL_ONE,Capital One,"Space, Amenities & Convenience",2026-04,4,2,3,9,0.4444444444444444,0.2222222222222222,0.3333333333333333,0.2222222222222222,LOW,REDUCED,False,5,3,4
CAPITAL_ONE,Capital One,"Space, Amenities & Convenience",2026-05,2,2,2,6,0.3333333333333333,0.3333333333333333,0.3333333333333333,0.0,VERY_LOW,STRONGLY_MUTED,False,5,3,5
CAPITAL_ONE,Capital One,"Space, Amenities & Convenience",2026-06,8,2,0,10,0.8,0.2,0.0,0.6,LOW,REDUCED,False,5,3,6
CAPITAL_ONE,Capital One,"Space, Amenities & Convenience",2026-07,3,0,1,4,0.75,0.0,0.25,0.75,VERY_LOW,STRONGLY_MUTED,False,5,3,7
CAPITAL_ONE,Capital One,"Space, Amenities & Convenience",2026-08,9,0,0,9,1.0,0.0,0.0,1.0,LOW,REDUCED,False,5,3,8
DELTA,Delta,"Space, Amenities & Convenience",2026-01,9,0,2,11,0.8181818181818182,0.0,0.18181818181818182,0.8181818181818182,LOW,REDUCED,False,5,4,1
DELTA,Delta,"Space, Amenities & Convenience",2026-02,1,0,0,1,1.0,0.0,0.0,1.0,VERY_LOW,STRONGLY_MUTED,False,5,4,2
DELTA,Delta,"Space, Amenities & Convenience",2026-03,5,2,0,7,0.7142857142857143,0.2857142857142857,0.0,0.42857142857142855,VERY_LOW,STRONGLY_MUTED,False,5,4,3
DELTA,Delta,"Space, Amenities & Convenience",2026-04,3,0,0,3,1.0,0.0,0.0,1.0,VERY_LOW,STRONGLY_MUTED,False,5,4,4
DELTA,Delta,"Space, Amenities & Convenience",2026-05,0,0,0,0,,,,,EMPTY,EMPTY,False,5,4,5
DELTA,Delta,"Space, Amenities & Convenience",2026-06,4,5,1,10,0.4,0.5,0.1,-0.1,LOW,REDUCED,False,5,4,6
DELTA,Delta,"Space, Amenities & Convenience",2026-07,1,0,0,1,1.0,0.0,0.0,1.0,VERY_LOW,STRONGLY_MUTED,False,5,4,7
DELTA,Delta,"Space, Amenities & Convenience",2026-08,5,3,0,8,0.625,0.375,0.0,0.25,LOW,REDUCED,False,5,4,8
