comment_unit_id,post_title,comment_text,post_url,aspect,sentiment,evidence
comment_0000413,What value do you realize the most?,"2% back on everything is why i originally got the Venture. Venture X has that plus the cost is a wash and you get price matching. If you're not price matching, you're making a huge mistake. It takes a few minutes to do, but that's where the value is at. Not to mention the increase of cash back on bookings vs. Venture. It's a no-brainer. The lounge is a great perk. I don't fly a ton, but using the lounge only 2x a year is easily $100 value and it's far more comfortable with it than without it.",https://www.reddit.com/r/Venturex/comments/1vtwz46/what_value_do_you_realize_the_most/,AMBIENCE_DESIGN,POSITIVE,far more comfortable with it than without it.
comment_0000413,What value do you realize the most?,"2% back on everything is why i originally got the Venture. Venture X has that plus the cost is a wash and you get price matching. If you're not price matching, you're making a huge mistake. It takes a few minutes to do, but that's where the value is at. Not to mention the increase of cash back on bookings vs. Venture. It's a no-brainer. The lounge is a great perk. I don't fly a ton, but using the lounge only 2x a year is easily $100 value and it's far more comfortable with it than without it.",https://www.reddit.com/r/Venturex/comments/1vtwz46/what_value_do_you_realize_the_most/,OVERALL_EXPERIENCE,POSITIVE,The lounge is a great perk.
comment_0000413,What value do you realize the most?,"2% back on everything is why i originally got the Venture. Venture X has that plus the cost is a wash and you get price matching. If you're not price matching, you're making a huge mistake. It takes a few minutes to do, but that's where the value is at. Not to mention the increase of cash back on bookings vs. Venture. It's a no-brainer. The lounge is a great perk. I don't fly a ton, but using the lounge only 2x a year is easily $100 value and it's far more comfortable with it than without it.",https://www.reddit.com/r/Venturex/comments/1vtwz46/what_value_do_you_realize_the_most/,VALUE_FOR_MONEY,POSITIVE,using the lounge only 2x a year is easily $100 value
comment_0000527,Chase/Etihad Lounge at Dulles,"Maybe I got the wrong stuff, but this was honestly a pretty mediocre Chase Lounge for me. They only had one made to order item on the menu - a burger, and the buffet was not good the day I went.",https://www.reddit.com/r/ChaseSapphire/comments/1vt3pf3/chaseetihad_lounge_at_dulles/,FOOD_AVAILABILITY,NEGATIVE,They only had one made to order item on the menu - a burger
comment_0000527,Chase/Etihad Lounge at Dulles,"Maybe I got the wrong stuff, but this was honestly a pretty mediocre Chase Lounge for me. They only had one made to order item on the menu - a burger, and the buffet was not good the day I went.",https://www.reddit.com/r/ChaseSapphire/comments/1vt3pf3/chaseetihad_lounge_at_dulles/,FOOD_QUALITY,NEGATIVE,the buffet was not good the day I went.
comment_0000527,Chase/Etihad Lounge at Dulles,"Maybe I got the wrong stuff, but this was honestly a pretty mediocre Chase Lounge for me. They only had one made to order item on the menu - a burger, and the buffet was not good the day I went.",https://www.reddit.com/r/ChaseSapphire/comments/1vt3pf3/chaseetihad_lounge_at_dulles/,OVERALL_EXPERIENCE,NEGATIVE,this was honestly a pretty mediocre Chase Lounge for me.
comment_0000547,Priority Pass is borderline no longer usable.,I have used PP domestically and never had a problem. It is great internationally too! So it is still a good value for me. Have you been to the Dominican Republic VIP - it is beautiful and has a pool!,https://www.reddit.com/r/ChaseSapphireReserve/comments/1vtilpl/priority_pass_is_borderline_no_longer_usable/,ACCESS_EXPERIENCE,POSITIVE,I have used PP domestically and never had a problem.
comment_0000547,Priority Pass is borderline no longer usable.,I have used PP domestically and never had a problem. It is great internationally too! So it is still a good value for me. Have you been to the Dominican Republic VIP - it is beautiful and has a pool!,https://www.reddit.com/r/ChaseSapphireReserve/comments/1vtilpl/priority_pass_is_borderline_no_longer_usable/,OVERALL_EXPERIENCE,POSITIVE,It is great internationally too!
comment_0000547,Priority Pass is borderline no longer usable.,I have used PP domestically and never had a problem. It is great internationally too! So it is still a good value for me. Have you been to the Dominican Republic VIP - it is beautiful and has a pool!,https://www.reddit.com/r/ChaseSapphireReserve/comments/1vtilpl/priority_pass_is_borderline_no_longer_usable/,VALUE_FOR_MONEY,POSITIVE,So it is still a good value for me.
comment_0002181,Platinum vs other cards,"If you are buying an Amex card only for Centurion access, it may or may not be worth it depending on what you are looking for. I generally find the food to be subpar. So, good place to grab a drink 🥃 if you have time. I have the card for other benefits like miles, discounts or full cash back on items like CLEAR, entertainment credit etc. I rarely use the centurion benefit. I typically find lounges the most useful during international layovers.",https://www.reddit.com/r/AmexPlatinum/comments/1vfvmd2/platinum_vs_other_cards/,BEVERAGE_BAR,POSITIVE,good place to grab a drink 🥃 if you have time.
comment_0002181,Platinum vs other cards,"If you are buying an Amex card only for Centurion access, it may or may not be worth it depending on what you are looking for. I generally find the food to be subpar. So, good place to grab a drink 🥃 if you have time. I have the card for other benefits like miles, discounts or full cash back on items like CLEAR, entertainment credit etc. I rarely use the centurion benefit. I typically find lounges the most useful during international layovers.",https://www.reddit.com/r/AmexPlatinum/comments/1vfvmd2/platinum_vs_other_cards/,FOOD_QUALITY,NEGATIVE,I generally find the food to be subpar.
comment_0002181,Platinum vs other cards,"If you are buying an Amex card only for Centurion access, it may or may not be worth it depending on what you are looking for. I generally find the food to be subpar. So, good place to grab a drink 🥃 if you have time. I have the card for other benefits like miles, discounts or full cash back on items like CLEAR, entertainment credit etc. I rarely use the centurion benefit. I typically find lounges the most useful during international layovers.",https://www.reddit.com/r/AmexPlatinum/comments/1vfvmd2/platinum_vs_other_cards/,VALUE_FOR_MONEY,MIXED,"If you are buying an Amex card only for Centurion access, it may or may not be worth it depending on what you are looking for."
