page,section,insight_id,headline,evidence_text,implication_text,implication_type,primary_brand,comparison_brand,source_mart,metric_1_name,metric_1_value,metric_2_name,metric_2_value,evidence_threshold,evidence_threshold_pass,display_order
Executive Overview,Key insights,EX_KEY_01,Amex discussion is high-volume but tilts negative.,Amex has 508 qualifying comments: 247 negative compared with 138 positive.,Amex's prominence in the discussion is accompanied by more experience pressure rather than a stronger positive feedback mix.,Product + Marketing,AMEX,"CHASE | CAPITAL_ONE | DELTA",56_executive_brand_comment_summary.csv,unique_comments,508,"positive | negative comments","138 | 247",Frozen qualifying comment population,TRUE,1
Executive Overview,Key insights,EX_KEY_02,Access and capacity is the clearest recurring Amex pressure point in the measured feedback.,153 of 233 Amex comments about access and capacity are negative; crowding accounts for 105 negative and 10 positive comments among 118 qualifying comments.,The concentration of negative comments makes access and capacity the clearest part of the lounge experience shaping weaker Amex feedback.,Product,AMEX,"CHASE | CAPITAL_ONE | DELTA","56_executive_theme_brand_summary.csv | 48_aspect_sentiment_long.csv",negative_comments,153,"crowding positive | negative comments","10 | 105",Supported national aspect and competitive finding,TRUE,2
Executive Overview,Key insights,EX_KEY_03,Food and beverage is the strongest positive counterweight in the measured feedback.,80 of 154 Amex food and beverage comments are positive; beverage and bar is the strongest detailed positive area across 57 comments.,Food and beverage stands out as a positive counterweight within otherwise weaker Amex experience feedback.,Product + Marketing,AMEX,,56_executive_theme_brand_summary.csv,positive_comments,80,"beverage comments | theme comments","57 | 154",Supported national aspect,TRUE,3
Executive Overview,Brand-level signals,EX_BRAND_01,More conversation is not translating into the strongest feedback mix.,Amex has the largest measured comment base at 508 but the lowest positive share at 27.2%; Chase is 38.4%.,"Across the four brands, higher discussion volume does not correspond to a stronger positive feedback mix.",Product + Marketing,AMEX,CHASE,56_executive_brand_comment_summary.csv,"Amex comments | positive share","508 | 27.1654",Chase positive share,38.4146,Frozen brand comment population,TRUE,1
Executive Overview,Brand-level signals,EX_BRAND_02,Delta sets the strongest positive-mix benchmark in this sample.,"Delta records 114 positive comments out of 159 (71.7%), compared with 138 out of 508 for Amex (27.2%).",Delta's feedback mix provides the clearest positive benchmark among the four brands in this analysis.,Product + Marketing,AMEX,DELTA,56_executive_brand_comment_summary.csv,Delta positive share,71.6981,Amex positive share,27.1654,Frozen brand comment population,TRUE,2
Executive Overview,Brand-level signals,EX_BRAND_03,Capital One pairs lower discussion volume with a strong positive mix.,Capital One has 214 qualifying comments: 134 positive and 36 negative; its 62.6% positive share is second only to Delta.,Capital One's result shows that a strong positive feedback mix can coexist with materially lower discussion volume than Amex.,Product + Marketing,CAPITAL_ONE,"AMEX | DELTA",56_executive_brand_comment_summary.csv,"Capital One positive | negative","134 | 36",Capital One positive share,62.6168,Frozen brand comment population,TRUE,3
Executive Overview,Theme insights,EX_THEME_01,Crowding is both an absolute and competitive weakness.,Crowding draws 105 negative and 10 positive comments among 118 qualifying Amex comments; the existing peer comparison also places Amex behind sufficiently represented brands.,Crowding is the most concentrated negative experience pattern in the measured Amex feedback.,Product,AMEX,"CHASE | CAPITAL_ONE | DELTA","48_aspect_sentiment_long.csv | 56_executive_theme_brand_summary.csv","crowding positive | negative comments","10 | 105",crowding comments,118,Supported national aspect and competitive finding,TRUE,1
Executive Overview,Theme insights,EX_THEME_02,Food and beverage provides a credible positive foundation.,Positive comments outnumber negative comments 80 to 52 across 154 Amex food and beverage comments; beverage and bar is the leading detailed positive area.,The theme provides a meaningful positive counterweight to the more negative access and capacity pattern.,Product + Marketing,AMEX,,56_executive_theme_brand_summary.csv,"positive | negative comments","80 | 52",unique_comments,154,Supported theme and national aspect,TRUE,2
Executive Overview,Theme insights,EX_THEME_03,Space and convenience is a broad secondary pressure.,"77 of 139 Amex comments in this theme are negative versus 51 positive, but no single detailed area has enough evidence to explain the pattern alone.",The weakness appears broad across the theme rather than attributable to one sufficiently supported experience driver.,Product,AMEX,,56_executive_theme_brand_summary.csv,"positive | negative comments","51 | 77",unique_comments,139,Frozen theme comment population; no unsupported subtheme claim,TRUE,3
Executive Overview,Trend insights,EX_TREND_01,Access pressure persists across every well-supported month.,"All seven high- or medium-sample Amex months for access and capacity lean negative, totaling 146 negative comments and 38 positive.",The repeated negative pattern suggests access and capacity is a persistent experience issue rather than an isolated monthly spike.,Product,AMEX,,56_executive_theme_monthly.csv,"negative | positive comments","146 | 38",qualifying high/medium months,"7 of 7",High/medium monthly sample only,TRUE,1
Executive Overview,Trend insights,EX_TREND_02,General feedback weakened sharply after an almost balanced June.,June recorded 24 positive and 23 negative Amex comments; August recorded 4 positive and 25 negative. Both months have high sample coverage.,The shift from an almost even June mix to a strongly negative August mix is substantial although the observed data does not establish why it changed.,Product + Marketing,AMEX,,56_executive_theme_monthly.csv,"June positive | negative","24 | 23","August positive | negative","4 | 25",Both months HIGH sample,TRUE,2
Executive Overview,Trend insights,EX_TREND_03,Food and beverage remains positive in the better-supported months.,"Across five high- or medium-sample months, Amex food and beverage feedback totals 65 positive and 37 negative comments; August turns negative but has a low sample.",Food and beverage remains a recurring positive element; the low-volume August reversal is not enough to establish a sustained change.,Product + Marketing,AMEX,,56_executive_theme_monthly.csv,"high/medium positive | negative","65 | 37",August sample band,LOW,High/medium trend evidence; low-sample caveat shown,TRUE,3
