page,section,insight_id,brand,displayed_statement,source_mart,brand_level_source_metrics,general_lounge_experience_source_metrics,denominators,calculated_values,evidence_threshold,interpretation,implication_type,status,positive_signal,pressure_signal,overall_read,facts_already_in_supporting_data_card,duplication_check,positive_evidence_comment_id,positive_evidence_url,main_friction,negative_evidence_comment_id,negative_evidence_url,total_comments,positive_comments,negative_comments,mixed_neutral_comments,sentiment_identity_check,source_link_check
Executive Overview,Brand-level signals,EX_BRAND_AMEX,AMEX,High discussion volume comes with a markedly more negative feedback mix.,"56_executive_brand_comment_summary.csv | 56_executive_theme_brand_summary.csv","total=508; positive=138; negative=247; mixed/neutral=123","total=283; positive=99; negative=154; mixed/neutral=30","Brand level n=508; General Lounge Experience n=283","brand positive=27.1654%; brand negative=48.6220%; general positive=34.9823%; general negative=54.4169%","Both frozen populations present; denominators stated separately",Higher measured discussion volume coincides with more experience pressure rather than a stronger positive mix.,Executive interpretation,PASS,"Food and beverage remains the clearest positive area, led by the bar and drink experience.",Crowding is the clearest recurring friction within access and capacity.,Higher measured discussion volume coincides with more experience pressure rather than a stronger positive mix.,Metrics and signals consolidated in one unified card.,PASS - interpretation and evidence are consolidated without duplicating a second card row,comment_0015162,https://www.reddit.com/r/AmexPlatinum/comments/1rb8s5q/i_ranked_the_centurions/,Crowding is the clearest recurring friction within access and capacity.,comment_0011802,https://www.reddit.com/r/AmexPlatinum/comments/1sco9fn/recent_travels_found_amex_lounges_still_packed/,508,138,247,123,PASS,PASS
Executive Overview,Brand-level signals,EX_BRAND_CHASE,CHASE,"Overall lounge impressions are positive, while broader feedback is more mixed.","56_executive_brand_comment_summary.csv | 56_executive_theme_brand_summary.csv","total=328; positive=126; negative=118; mixed/neutral=84","total=176; positive=127; negative=34; mixed/neutral=15","Brand level n=328; General Lounge Experience n=176","brand positive=38.4146%; brand negative=35.9756%; general positive=72.1591%; general negative=19.3182%","Both frozen populations present; denominators stated separately",Chase appears stronger on overall lounge impressions than on the broader set of experience feedback.,Executive interpretation,PASS,"Food and beverage is the clearest positive area, with bar and cocktail experiences standing out.",Crowding is the clearest recurring friction within access and capacity.,Chase appears stronger on overall lounge impressions than on the broader set of experience feedback.,Metrics and signals consolidated in one unified card.,PASS - interpretation and evidence are consolidated without duplicating a second card row,comment_0014760,https://www.reddit.com/r/ChaseSapphire/comments/1rggptv/phx_chase_sapphire_lounge_is_terrible/,Crowding is the clearest recurring friction within access and capacity.,comment_0009275,https://www.reddit.com/r/ChaseSapphireReserve/comments/1t36248/whats_the_point_of_a_lounge_with_a_two_hour_wait/,328,126,118,84,PASS,PASS
Executive Overview,Brand-level signals,EX_BRAND_CAPITAL_ONE,CAPITAL_ONE,Positive feedback is broad rather than concentrated in one area.,"56_executive_brand_comment_summary.csv | 56_executive_theme_brand_summary.csv","total=214; positive=134; negative=36; mixed/neutral=44","total=126; positive=106; negative=16; mixed/neutral=4","Brand level n=214; General Lounge Experience n=126","brand positive=62.6168%; brand negative=16.8224%; general positive=84.1270%; general negative=12.6984%","Both frozen populations present; denominators stated separately",Capital One combines lower measured discussion volume with a consistently favorable experience profile.,Executive interpretation,PASS,Food quality is the clearest positive experience signal in the measured feedback.,No recurring pressure point clearly stands out.,Capital One combines lower measured discussion volume with a consistently favorable experience profile.,Metrics and signals consolidated in one unified card.,PASS - interpretation and evidence are consolidated without duplicating a second card row,comment_0013458,https://www.reddit.com/r/CreditCards/comments/1rrbdb4/is_there_any_lounge_ecosystem_with_no/,No recurring pressure point clearly stands out.,,,214,134,36,44,PASS,PASS
Executive Overview,Brand-level signals,EX_BRAND_DELTA,DELTA,Delta shows the most consistently favorable experience profile of the four brands.,"56_executive_brand_comment_summary.csv | 56_executive_theme_brand_summary.csv","total=159; positive=114; negative=20; mixed/neutral=25","total=105; positive=90; negative=9; mixed/neutral=6","Brand level n=159; General Lounge Experience n=105","brand positive=71.6981%; brand negative=12.5786%; general positive=85.7143%; general negative=8.5714%","Both frozen populations present; denominators stated separately",Delta provides the clearest positive benchmark in the four-brand comparison.,Executive interpretation,PASS,Favorable feedback spans the lounge experience rather than relying on one standout theme.,No recurring pressure point clearly stands out.,Delta provides the clearest positive benchmark in the four-brand comparison.,Metrics and signals consolidated in one unified card.,PASS - interpretation and evidence are consolidated without duplicating a second card row,comment_0016899,https://www.reddit.com/r/amex/comments/1qr18w2/centurion_vs_delta_one/,No recurring pressure point clearly stands out.,,,159,114,20,25,PASS,PASS
Executive Overview,Theme insights,EX_THEME_01,AMEX,Crowding is both an absolute and competitive weakness.,"48_aspect_sentiment_long.csv | 56_executive_theme_brand_summary.csv",,"Crowding total=118; positive=10; negative=105; mixed/neutral=1","Crowding n=118","positive=10; negative=105; mixed/neutral=1; no sentiment=4",Supported national aspect and competitive finding,Crowding is the most concentrated negative experience pattern in the measured Amex feedback.,Product,PASS
Executive Overview,Theme insights,EX_THEME_02,AMEX,Food and beverage provides a credible positive foundation.,56_executive_theme_brand_summary.csv,,"Food & Beverage total=154; positive=80; negative=52; mixed/neutral=22","Food & Beverage n=154","positive share=51.9481%; negative share=33.7662%",Supported theme and national aspect,"The theme provides a meaningful positive counterweight to the more negative access and capacity pattern.",Product + Marketing,PASS
Executive Overview,Theme insights,EX_THEME_03,AMEX,Space and convenience is a broad secondary pressure.,56_executive_theme_brand_summary.csv,,"Space/Amenities/Convenience total=139; positive=51; negative=77; mixed/neutral=11","Space/Amenities/Convenience n=139","positive share=36.6906%; negative share=55.3957%","Frozen theme population; no unsupported subtheme claim","The weakness appears broad across the theme rather than attributable to one sufficiently supported experience driver.",Product,PASS
Executive Overview,Trend insights,EX_TREND_01,AMEX,Access pressure persists across every well-supported month.,56_executive_theme_monthly.csv,,,"Seven high/medium-sample months; monthly denominators retained in source","negative=146; positive=38; negative months=7 of 7",High/medium monthly sample only,"The repeated negative pattern suggests access and capacity is a persistent experience issue rather than an isolated monthly spike.",Product,PASS
Executive Overview,Trend insights,EX_TREND_02,AMEX,General feedback weakened sharply after an almost balanced June.,56_executive_theme_monthly.csv,,,"June n=52; August n=35","June positive=24 negative=23; August positive=4 negative=25; both HIGH sample",Both months HIGH sample,"The shift from an almost even June mix to a strongly negative August mix is substantial although the observed data does not establish why it changed.",Product + Marketing,PASS
Executive Overview,Trend insights,EX_TREND_03,AMEX,Food and beverage remains positive in the better-supported months.,56_executive_theme_monthly.csv,,,"Five high/medium-sample months; August n=14 LOW","high/medium positive=65 negative=37; August balance=-35.71%",High/medium trend evidence; low-sample caveat shown,"Food and beverage remains a recurring positive element; the low-volume August reversal is not enough to establish a sustained change.",Product + Marketing,PASS
